variable,mean_r,mean_abs_r,vif
VPD,0.222426,0.295768,2.323644
SM,-0.262777,0.276204,1.203164
Ta,0.183618,0.244982,2.068438
